<?xml version="1.0" encoding="UTF-8"?>
<project-private xmlns="http://www.netbeans.org/ns/project-private/1">
    <editor-bookmarks xmlns="http://www.netbeans.org/ns/editor-bookmarks/2" lastBookmarkId="0"/>
    <open-files xmlns="http://www.netbeans.org/ns/projectui-open-files/2">
        <group>
            <file>file:/C:/Users/deleo/Documents/NetBeansProjects/Hotel/web/WEB-INF/web.xml</file>
            <file>file:/C:/Users/deleo/Documents/NetBeansProjects/Hotel/src/java/hotelmanagement/servlets/ReservationServlet.java</file>
            <file>file:/C:/Users/deleo/Documents/NetBeansProjects/Hotel/web/META-INF/context.xml</file>
            <file>file:/C:/Users/deleo/Documents/NetBeansProjects/Hotel/web/index.html</file>
            <file>file:/C:/Users/deleo/Documents/NetBeansProjects/Hotel/web/index.jsp</file>
            <file>file:/C:/Users/deleo/Documents/NetBeansProjects/Hotel/src/java/hotelmanagement/HotelManagement.java</file>
        </group>
    </open-files>
</project-private>
